Category,Name,VendorCode,Vendor,Series,Price_Eur,Price_Rub,Product_url,Image_url
Электросушилки для рук,Электросушилка Jofel Futura 1960 Вт,AA13000,Jofel,153.0,16830.0,https://jofel.ru/catalog/elekrosushilki/elektrosushilka_jofel_futura_1930_vt_vklyuchenie_knopkoy_abs_plastik_tsvet_belyy/,https://jofel.ru/upload/iblock/365/365d7afe818f273bae59a3a7538ab710.jpg
Электросушилки для рук,Электросушилка Jofel Futura 1960 Вт,AA14000,Jofel,179.1,19701.0,https://jofel.ru/catalog/elekrosushilki/elektrosushilka_jofel_futura_1930_vt_avtomatich_vklyuchenie_abs_plastik_tsvet_belyy/,https://jofel.ru/upload/iblock/832/832d149bd6323dd54ebe451e0f854775.jpg
Электросушилки для рук,Электросушилка Jofel Power Plus 1200 Вт,AA56000,Jofel,203.6,22396.0,https://jofel.ru/catalog/elekrosushilki/elektrosushilka_jofel_power_plus_1200_vt/,https://jofel.ru/upload/iblock/ccf/ccf320b0463f2aad6bec3c02b6dd2081.jpg
Электросушилки для рук,Электросушилка Jofel AVE 1400 Вт,AA19600,Jofel,222.8,24508.0,https://jofel.ru/catalog/elekrosushilki/elektrosushilka_jofel_ave_1400_vt_avtomatich_vklyuchenie_abs_plastik_chernyy_tsv/,https://jofel.ru/upload/iblock/2c9/2c94cf7d0c48a906fce1f910dad73a4e.jpg
Электросушилки для рук,Электросушилка Jofel AVE 1400 Вт,AA19000,Jofel,222.8,24508.0,https://jofel.ru/catalog/elekrosushilki/elektrosushilka_jofel_ave_1400_vt_avtomatich_vklyuchenie_abs_plastik_belyy_tsvet/,https://jofel.ru/upload/iblock/15c/15c17bb821036799191ed3db5933211f.jpg
Электросушилки для рук,Электросушилка Jofel Futura 1960 Вт,AA15500,Jofel,229.5,25245.0,https://jofel.ru/catalog/elekrosushilki/elektrosushilka_jofel_futura_1930_vt_vklyuchenie_knopkoy_nerzh_stal_aisi_304_matovaya_pov_t/,https://jofel.ru/upload/iblock/434/434273600580ba8a56fdb245b3e0a020.jpg
Электросушилки для рук,Электросушилка Jofel Futura 1960 Вт,AA15000,Jofel,229.5,25245.0,https://jofel.ru/catalog/elekrosushilki/elektrosushilka_jofel_futura_1930_vt_vklyuchenie_knopkoy_nerzh_stal_aisi_304_polirov_pov_t/,https://jofel.ru/upload/iblock/0c3/0c37bf138162341c4eee9d1c8ef019fa.jpg
Электросушилки для рук,Электросушилка Jofel Futura 1960 Вт,AA16500,Jofel,275.8,30338.0,https://jofel.ru/catalog/elekrosushilki/elektrosushilka_jofel_futura_1930_vt_avtomatich_vklyuchenie_nerzh_stal_aisi_304_matovaya_pov_t/,https://jofel.ru/upload/iblock/7e3/7e36e68f0c719b4912425aa92af4df7c.jpg
Электросушилки для рук,Электросушилка Jofel Futura 1960 Вт,AA16000,Jofel,275.8,30338.0,https://jofel.ru/catalog/elekrosushilki/elektrosushilka_jofel_futura_1930_vt_avtomatich_vklyuchenie_nerzh_stal_aisi_304_polirov_pov_t/,https://jofel.ru/upload/iblock/dd0/dd05bdbbc8c8b15888af29459038bd6f.jpg
Электросушилки для рук,Электросушилка Jofel AVE 1400 Вт,AA18500,Jofel,315.7,34727.0,https://jofel.ru/catalog/elekrosushilki/elektrosushilka_jofel_ave_1400_vt_avtomatich_vklyuchenie_nerzh_stal_aisi_304_matovaya_pov_t/,https://jofel.ru/upload/iblock/6a5/6a528cfbdbe36eebb03226787f3ee9db.jpg
Электросушилки для рук,Электросушилка Jofel AVE 1400 Вт,AA18000,Jofel,315.7,34727.0,https://jofel.ru/catalog/elekrosushilki/elektrosushilka_jofel_ave_1400_vt_avtomatich_vklyuchenie_nerzh_stal_aisi_304_polirov_pov_t/,https://jofel.ru/upload/iblock/7bb/7bba8110940715c609d96ff5032ba1de.jpg
Электросушилки для рук,Электросушилка Jofel Ibero 2000 Вт,AA94000,Jofel,344.3,37873.0,https://jofel.ru/catalog/elekrosushilki/elektrosushilka_jofel_ibero_2000_vt_avtomatich_vklyuchenie_glazurovannaya_stal_tsvet_belyy/,https://jofel.ru/upload/iblock/440/4404582e550df556c135b52eed3ad1ad.jpg
Электросушилки для рук,Электросушилка Jofel Ibero 2000 Вт,AA93000,Jofel,344.3,37873.0,https://jofel.ru/catalog/elekrosushilki/elektrosushilka_jofel_ibero_2000_vt_vklyuchenie_knopkoy_glazurovannaya_stal_tsvet_belyy/,https://jofel.ru/upload/iblock/e78/e78e0eb7d429d1da292f48f8e02fb10a.jpg
Электросушилки для рук,Электросушилка Jofel Ibero 2000 Вт,AA91500,Jofel,344.3,37873.0,https://jofel.ru/catalog/elekrosushilki/elektrosushilka_jofel_ibero_2000_vt_vklyuchenie_knopkoy_nerzh_stal_matovaya_pov_t/,https://jofel.ru/upload/iblock/e85/e85b76faea16eb1d847e338661cf4528.jpg
Электросушилки для рук,Электросушилка Jofel Ibero 2000 Вт,AA91000,Jofel,344.3,37873.0,https://jofel.ru/catalog/elekrosushilki/elektrosushilka_jofel_ibero_2000_vt_vklyuchenie_knopkoy_nerzh_stal_polirov_pov_t/,https://jofel.ru/upload/iblock/833/83335bb1ffe43fbdad808d2078e20ed8.jpg
Электросушилки для рук,Электросушилка Jofel Ibero 2000 Вт,AA92500,Jofel,383.9,42229.0,https://jofel.ru/catalog/elekrosushilki/elektrosushilka_jofel_ibero_2000_vt_avtomatich_vklyuchenie_nerzh_stal_matovaya_pov_t/,https://jofel.ru/upload/iblock/1be/1be05c9abc312491aacccc683c198bbb.jpg
Электросушилки для рук,Электросушилка Jofel Ibero 2000 Вт,AA92000,Jofel,383.9,42229.0,https://jofel.ru/catalog/elekrosushilki/elektrosushilka_jofel_ibero_2000_vt_avtomatich_vklyuchenie_nerzh_stal_polirov_pov_t/,https://jofel.ru/upload/iblock/4a7/4a78d6a166c17c6325aefb5194573dd1.jpg
Электросушилки для рук,Электросушилка Jet Smart 1500 Вт,AA24050,Jofel,821.3,90343.0,https://jofel.ru/catalog/elekrosushilki/elektrosushilka_jet_smart_1500_vt/,https://jofel.ru/upload/iblock/802/8023b8f68ab215ab2721c432d02b7430.png
Электросушилки для рук,Электросушилка Jet Smart 1500 Вт,AA24950,Jofel,857.0,94270.0,https://jofel.ru/catalog/elekrosushilki/elektrosushilka_jet_smart_1500_vt-606163018/,https://jofel.ru/upload/iblock/c0e/c0e4599d08c0b5d912a1bd35fff17810.png
Электросушилки для рук,Электросушилка Jet Smart 1500 Вт,AA24650,Jofel,857.0,94270.0,https://jofel.ru/catalog/elekrosushilki/elektrosushilka_jet_smart_1500_vt-1722116511/,https://jofel.ru/upload/iblock/524/524b4b20ae118fce3d8f8f9f537b6c23.png
Электросушилки для рук,Электросушилка для рук Jet,AA24550,Jofel,857.0,94270.0,https://jofel.ru/catalog/elekrosushilki/elektrosushilka_jet_smart_1500_vt-843565691/,https://jofel.ru/upload/iblock/9da/9da41358dbeeb84331bf0b1c298c5be4.png
Электросушилки для рук,Электросушилка Jofel Tifon 1550 Вт,AA25050,Jofel,1039.9,114389.0,https://jofel.ru/catalog/elekrosushilki/elektrosushilka_jofel_tifon_1550_vt_avtomatich_vklyuchenie_isparitel_abs_plastik_tsvet_belyy/,https://jofel.ru/upload/iblock/818/818b23ff7ac17bd243b7fd3269fec099.jpg
Электросушилки для рук,Электросушилка Jofel Tifon 1550 Вт,AA25950,Jofel,1095.6,120516.0,https://jofel.ru/catalog/elekrosushilki/elektrosushilka_jofel_tifon_1550_vt_avtomatich_vklyuchenie_isparitel_abs_plastik_tsvet_grafit/,https://jofel.ru/upload/iblock/3a9/3a9f56472f5bf2753a347b342ea8f43c.jpg
Электросушилки для рук,Электросушилка Jofel Tifon 1550 Вт,AA25650,Jofel,1095.6,120516.0,https://jofel.ru/catalog/elekrosushilki/elektrosushilka_jofel_tifon_1550_vt_avtomatich_vklyuchenie_isparitel_abs_plastik_chernyy_tsv/,https://jofel.ru/upload/iblock/770/77053609f01ac49a8fbccf06ba1db89b.jpg
Электросушилки для рук,Электросушилка Jofel Tifon 1550 Вт,AA25550,Jofel,1095.6,120516.0,https://jofel.ru/catalog/elekrosushilki/elektrosushilka_jofel_tifon_1550_vt_avtomatich_vklyuchenie_isparitel_abs_plastik_tsvet_serebra/,https://jofel.ru/upload/iblock/fdf/fdfa1da05ac7791427d1b21cb52f82c0.jpg
Фены,Фен Jofel  стационарный 1200 Вт,AB68500,Jofel,42.9,4719.0,https://jofel.ru/catalog/feny/fen_jofel_statsionarnyy_1200_vt_vklyuchenie_knopkoy_vybor_rezhimov_2_abs_plastik_tsvet_belyy/,https://jofel.ru/upload/iblock/5cd/5cddca38dae9f7aaa02ebc214d22e396.jpg
Фены,Фен настенный 1400 Вт,AB65000NC,Jofel,64.1,7051.0,https://jofel.ru/catalog/feny/fen_nastennyy_1400_vt/,https://jofel.ru/upload/iblock/561/5612765d915264b679c90276e00b32e9.jpg
Фены,Фен Jofel  стационарный 1400 Вт,AB65000,Jofel,64.1,7051.0,https://jofel.ru/catalog/feny/fen_jofel_statsionarnyy_1400_vt_vklyuchenie_knopkoy_vybor_rezhimov_4_abs_plastik_tsvet_belyy/,https://jofel.ru/upload/iblock/1bf/1bfabd256bc2e97acf385593cac2731b.jpg
Дозаторы для мыла,Дозатор Jofel Azur-Smart для жидкого мыла,AC84020,Jofel,16.3,1793.0,https://jofel.ru/catalog/dozatory_dlya_myla/dozator_jofel_azur_smart_d_zhidkogo_myla_0_4_l_abs_plastik_tsvet_belyy/,https://jofel.ru/upload/iblock/c7d/c7d041f5454c02d388ff25d27b6b67f7.jpg
Дозаторы для мыла,Дозатор Jofel Azur - Smart для жидкого мыла,AC82020,Jofel,19.4,2134.0,https://jofel.ru/catalog/dozatory_dlya_myla/dozator_jofel_azur_smart_d_zhidkogo_myla_1_0_l_abs_plastik_tsvet_belyy/,https://jofel.ru/upload/iblock/857/857cfaeeaf5bc0f9f16ba575d0f234be.jpg
Дозаторы для мыла,Дозатор Jofel Black для жидкого мыла,AC27650,Jofel,19.4,2134.0,https://jofel.ru/catalog/dozatory_dlya_myla/dozator_jofel_black_d_zhidkogo_myla_1_0_l_pe_rezervuar_abs_plastik_chernyy_tsvet/,https://jofel.ru/upload/iblock/95c/95cccd93435f2ae9b5452af5de6298f0.jpg
Дозаторы для мыла,Дозатор Jofel  Azur- Smart для жидкого мыла,AC27050,Jofel,19.4,2134.0,https://jofel.ru/catalog/dozatory_dlya_myla/dozator_jofel_azur_smart_d_zhidkogo_myla_1_0_l_pe_rezervuar_abs_plastik_belyy_tsvet/,https://jofel.ru/upload/iblock/e8b/e8bcfacabfad791610683031f05ff6b4.jpg
Дозаторы для мыла,Дозатор Jofel Azur для жидкого мыла,AC84000,Jofel,20.5,2255.0,https://jofel.ru/catalog/dozatory_dlya_myla/dozator_jofel_azur_d_zhidkogo_myla_0_4_l_prozrach_chernyy_san_plastik_belyy_abs_plastik/,https://jofel.ru/upload/iblock/12e/12ee38a399d736265bfa843cf30b3e70.jpg
Дозаторы для мыла,Дозатор Jofel Aitana для жидкого мыла,AC70000,Jofel,20.6,2266.0,https://jofel.ru/catalog/dozatory_dlya_myla/dozator_jofel_aitana_d_zhidkogo_myla_1_0_l_prozrach_chernyy_san_plastik_belyy_abs_plastik/,https://jofel.ru/upload/iblock/5ad/5adda6e7666b79e5ed73b9abebea8354.jpg
Дозаторы для мыла,Дозатор Jofel Antibact  для жидкого мыла,AC70700,Jofel,22.7,2497.0,https://jofel.ru/catalog/dozatory_dlya_myla/dozator_jofel_antibact_d_zhidkogo_myla_0_9_l_antibakt_pokrytie_prozrach_chernyy_san_plastik_belyy_ab/,https://jofel.ru/upload/iblock/606/606aae68f8a5ffa32741743cf0d53d59.jpg
Дозаторы для мыла,Дозатор Jofel Black Aitana для жидкого мыла,AC70600,Jofel,22.7,2497.0,https://jofel.ru/catalog/dozatory_dlya_myla/dozator_jofel_black_aitana_d_zhidkogo_myla_0_9_l_prozrach_san_plastik_chernyy_abs_plastik_khromir_kn/,https://jofel.ru/upload/iblock/f72/f72f6c113ea30cfe74d55eb08577367d.jpg
Дозаторы для мыла,Дозатор Jofel Azur для пенного мыла,AC40000,Jofel,26.3,2893.0,https://jofel.ru/catalog/dozatory_dlya_myla/dozator_jofel_azur_d_pennogo_myla_0_8_l_abs_plastik_tsvet_belyy_seryy/,https://jofel.ru/upload/iblock/a85/a852605939d1428c0bfa32dc4431249e.jpg
Дозаторы для мыла,Дозатор Jofel Azur для жидкого мыла,AC82000,Jofel,29.5,3245.0,https://jofel.ru/catalog/dozatory_dlya_myla/dozator_jofel_azur_d_zhidkogo_myla_1_0_l_prozrach_chernyy_san_plastik_belyy_abs_plastik/,https://jofel.ru/upload/iblock/160/1600e03fd35628fb4ff1aa8b0c33576c.jpg
Дозаторы для мыла,Дозатор Jofel Aitana Luxe для жидкого мыла,AC71000,Jofel,30.9,3399.0,https://jofel.ru/catalog/dozatory_dlya_myla/dozator_jofel_aitana_luxe_d_zhidkogo_myla_0_9_l_prozrach_chernyy_san_plastik_seryy_abs_plastik_krysh/,https://jofel.ru/upload/iblock/682/68203f0c775b6e94663b8df4b5215225.jpg
Дозаторы для мыла,Дозатор Jofel Aitana для жидкого мыла,AC70300,Jofel,31.4,3454.0,https://jofel.ru/catalog/dozatory_dlya_myla/dozator_jofel_aitana_d_zhidkogo_myla/,https://jofel.ru/upload/iblock/81f/81fc9a2f46e46ee7a01a2ed6cb717d96.png
Дозаторы для мыла,Дозатор Jofel Aitana для жидкого мыла,AC75000,Jofel,33.1,3641.0,https://jofel.ru/catalog/dozatory_dlya_myla/dozator_jofel_aitana_d_zhidkogo_myla_0_9_l_loktevoy_privod_abs_plastik_tsvet_belyy/,https://jofel.ru/upload/iblock/6f2/6f2b0b32724d4b455e7204cdb6d3cd7e.jpg
Дозаторы для мыла,Дозатор Jofel Сlasica для жидкого мыла 0,ALL1006B,Jofel,34.9,3839.0,https://jofel.ru/catalog/dozatory_dlya_myla/dozator_jofel_slasica_d_zhidkogo_myla_0_5_l_nerzh_stal_aisi304_polirov_pov_t/,https://jofel.ru/upload/iblock/deb/deba1b97b6cb5f17f272407bbcc054aa.jpg
Дозаторы для мыла,Дозатор Jofel Сlasica для жидкого мыла 0,ALL1006,Jofel,34.9,3839.0,https://jofel.ru/catalog/dozatory_dlya_myla/dozator_jofel_slasica_d_zhidkogo_myla_0_5_l_nerzh_stal_aisi304_matovaya_pov_t/,https://jofel.ru/upload/iblock/a0c/a0c37988c25ae982c5ae2448420b4f28.jpg
Дозаторы для мыла,Дозатор Jofel Vision для жидкого мыла,AC21150,Jofel,36.5,4015.0,https://jofel.ru/catalog/dozatory_dlya_myla/dozator_jofel_vision_d_zhidkogo_myla_1_4_l_prozrach_chernyy_san_plastik_seryy_abs_plastik_kryshka_ne/,https://jofel.ru/upload/iblock/42c/42c4a7a962968693cca4dadebc07911f.jpg
Дозаторы для мыла,Дозатор Jofel Сlasica для жидкого мыла,ALL1003B,Jofel,44.6,4906.0,https://jofel.ru/catalog/dozatory_dlya_myla/dozator_jofel_slasica_d_zhidkogo_myla_1_0_l_nerzh_stal_aisi304_polirov_pov_t/,https://jofel.ru/upload/iblock/a52/a5212cfedc39b49a8b81282c0bd3a2f3.jpg
Дозаторы для мыла,Дозатор Jofel MEDICAL для жидкого мыла,AC14000,Jofel,60.7,6677.0,https://jofel.ru/catalog/dozatory_dlya_myla/dozator_jofel_medical_d_zhidkogo_myla_antiseptika_krema_dlya_ruk_loktevoy_privod_1_0_l_evro_butylka_/,https://jofel.ru/upload/iblock/7e7/7e75f94d74adbbba2067339f777ef0f0.jpg
Дозаторы для мыла,Дозатор Jofel Aitana для жидкого мыла,AC79500,Jofel,69.9,7689.0,https://jofel.ru/catalog/dozatory_dlya_myla/dozator_jofel_aitana_d_zhidkogo_myla_0_9_l_nerzh_stal_aisi304_polirov_pov_t/,https://jofel.ru/upload/iblock/3e2/3e29a4e8b844f6d9de14d4cfab020e63.jpg
Дозаторы для мыла,Дозатор Jofel Aitana для жидкого мыла,AC79000,Jofel,69.9,7689.0,https://jofel.ru/catalog/dozatory_dlya_myla/dozator_jofel_aitana_d_zhidkogo_myla_0_9_l_nerzh_stal_aisi304_matovaya_pov_t/,https://jofel.ru/upload/iblock/115/115db8fc7f7aa19eb4ed1686221c3b21.jpg
Дозаторы для мыла,Дозатор Jofel Azur для жидкого мыла,AC91650,Jofel,80.3,8833.0,https://jofel.ru/catalog/dozatory_dlya_myla/dozator_jofel_azur_d_zhidkogo_myla/,https://jofel.ru/upload/iblock/fb6/fb60ba814c961b81e3ba429714642c97.png
Дозаторы для мыла,Дозатор Jofel Azur для пенного мыла,AC91060,Jofel,85.9,9449.0,https://jofel.ru/catalog/dozatory_dlya_myla/dozator_jofel_azur_d_pennogo_myla_avtomatich_1_0_l_sensor_abs_plastik_tsvet_belyy_batareyki_ne_vkhod/,https://jofel.ru/upload/iblock/0b9/0b90daf1bf54f95cd417baf02b23ece6.jpg
Дозаторы для мыла,Дозатор Jofel Azur для жидкого мыла,AC91050,Jofel,85.9,9449.0,https://jofel.ru/catalog/dozatory_dlya_myla/dozator_jofel_azur_d_zhidkogo_myla_avtomatich_1_0_l_sensor_abs_plastik_tsvet_belyy_batareyki_ne_vkho/,https://jofel.ru/upload/iblock/c3a/c3a0351e2697cef938a5dbd624cbcd7a.jpg
Дозаторы для мыла,Дозатор Jofel Futura для жидкого мыла,AC54500,Jofel,89.8,9878.0,https://jofel.ru/catalog/dozatory_dlya_myla/dozator_jofel_futura_d_zhidkogo_myla_1_0_l_nerzh_stal_aisi_304_polirov_pov_t/,https://jofel.ru/upload/iblock/8a8/8a8999c6ff351c5191f7dbfef3a0e510.jpg
Дозаторы для мыла,Дозатор Jofel Futura для жидкого мыла,AC54000,Jofel,89.8,9878.0,https://jofel.ru/catalog/dozatory_dlya_myla/dozator_jofel_futura_d_zhidkogo_myla_1_0_l_nerzh_stal_aisi_304_matovaya_pov_t/,https://jofel.ru/upload/iblock/beb/beb5a1cb39f9d92b937642bfb882b6bd.jpg
Дозаторы для мыла,Дозатор Jofel Futura для пенного мыла,AC45500,Jofel,93.7,10307.0,https://jofel.ru/catalog/dozatory_dlya_myla/dozator_jofel_futura_d_pennogo_myla_0_8_l_nerzh_stal_aisi_304_polirov_pov_t/,https://jofel.ru/upload/iblock/2b7/2b7b4272e61b61c1dc48de877e7201bd.jpg
Дозаторы для мыла,Дозатор Jofel Futura для пенного мыла,AC45000,Jofel,93.7,10307.0,https://jofel.ru/catalog/dozatory_dlya_myla/dozator_jofel_futura_d_pennogo_myla_0_8_l_nerzh_stal_aisi_304_matovaya_pov_t/,https://jofel.ru/upload/iblock/bf6/bf6938539467bebbd72b506d234973e4.jpg
Дозаторы для мыла,Дозатор Jofel Futura для пенного мыла,AC53501,Jofel,94.4,10384.0,https://jofel.ru/catalog/dozatory_dlya_myla/dozator_jofel_futura_d_pennogo_myla/,https://jofel.ru/bitrix/templates/innet_focus_s1/components/bitrix/catalog.element/innet/images/no_photo.png
Дозаторы для мыла,Дозатор Jofel Futura для жидкого мыла,AC53550,Jofel,94.4,10384.0,https://jofel.ru/catalog/dozatory_dlya_myla/dozator_jofel_futura_d_zhidkogo_myla_0_85_l_nerzh_stal_aisi_304_polirov_pov_t/,https://jofel.ru/upload/iblock/871/871c61d335ea429b2c62904b20017ff7.jpg
Дозаторы для мыла,Дозатор Jofel Futura для жидкого мыла,AC53050,Jofel,94.4,10384.0,https://jofel.ru/catalog/dozatory_dlya_myla/dozator_jofel_futura_d_zhidkogo_myla_0_85_l_nerzh_stal_aisi_304_matovaya_pov_t/,https://jofel.ru/upload/iblock/2dd/2dd81f65b0b6f6b324dad58192842a91.jpg
Дозаторы для мыла,Дозатор MEDICAL для жидкого мыла,AC12000,Jofel,101.8,11198.0,https://jofel.ru/catalog/dozatory_dlya_myla/dozator_medical_d_zhidkogo_myla/,https://jofel.ru/upload/iblock/c1d/c1d4f5a56f086ebd23ff200d425cefc9.jpg
Дозаторы для мыла,Дозатор  Jofel Futura для жидкого мыла,AC62000,Jofel,102.1,11231.0,https://jofel.ru/catalog/dozatory_dlya_myla/dozator_jofel_futura_d_zhidkogo_myla_vstraivaemyy_nerzh_stal_aisi_304_polirov_pov_t_bez_emkosti_dlya/,https://jofel.ru/upload/iblock/c4b/c4b56bbb9ce54674bf80a2b974de0ed1.jpg
Дозаторы для мыла,Дозатор  Jofel Futura для жидкого мыла,AC63000,Jofel,114.4,12584.0,https://jofel.ru/catalog/dozatory_dlya_myla/dozator_jofel_futura_d_zhidkogo_myla_1_l_vstraivaemyy_nerzh_stal_aisi_304_polirov_pov_t_s_emkostyu_d/,https://jofel.ru/upload/iblock/3fa/3fa3da39b76d17c2af0b02488396a3c6.jpg
Диспенсеры,Диспенсер мешков для использованных гигиенических материалов,AM32000,Jofel,11.7,1287.0,https://jofel.ru/catalog/dispensery/dispenser_meshkov_dlya_ispolzovannykh_gig_materialov_vmestimost_25_meshkov_am30225_belyy_abs_plastik/,https://jofel.ru/upload/iblock/c80/c80bcf677d38bc15e3b3e7fd94ada66a.jpg
Диспенсеры,Диспенсер Jofel Azur для столовых  салфеток (100 шт),AH50000,Jofel,14.0,1540.0,https://jofel.ru/catalog/dispensery/dispenser_jofel_azur_d_stolovykh_salfetok_100_sht_abs_plastik_tsvet_belyy/,https://jofel.ru/upload/iblock/113/11313c406ebb19fb68321e2ae7a1ceab.jpg
Диспенсеры,Диспенсер Jofel Azur для косметических салфеток,AH60000,Jofel,15.6,1716.0,https://jofel.ru/catalog/dispensery/dispenser_jofel_azur_d_kosmetich_salfetok_abs_plastik_tsvet_belyy/,https://jofel.ru/upload/iblock/1e6/1e614f3a695296435cb56cd44e47f791.jpg
Диспенсеры,AM32800 Диспенсер мешков для использованных гигиенических материалов,AM32800,Jofel,18.3,2013.0,https://jofel.ru/catalog/dispensery/am32800_dispenser_meshkov_dlya_ispolzovannykh_gig_materialov_vmestimost_25_meshkov_am30225_khromir_a/,https://jofel.ru/upload/iblock/f4f/f4fe4c533846e61326c53edc87dbc851.jpg
Диспенсеры,Диспенсер Jofel Azur-Smart для листовых  полотенец,AH37000,Jofel,18.5,2035.0,https://jofel.ru/catalog/dispensery/dispenser_jofel_azur_smart_d_listovykh_polotenets_600_sht_z_slozheniya_abs_plastik_tsvet_belyy/,https://jofel.ru/upload/iblock/eb8/eb83f562907965d33fdf72d68fcd1cc8.jpg
Диспенсеры,Диспенсер Jofel Azur-Smart для рулонной  туалетной бумаги,AE57000,Jofel,18.5,2035.0,https://jofel.ru/catalog/dispensery/dispenser_jofel_azur_smart_d_rulonnoy_tualet_bumagi_1_rulon_300_m_vtulka_45_mm_abs_plastik_tsvet_bel/,https://jofel.ru/upload/iblock/12d/12df3a1cdee1fbd983489243701a453d.jpg
Диспенсеры,Диспенсер Jofel Azur-Smart  для листовой туалетной бумаги  Z-сложения.,AH77000,Jofel,19.6,2156.0,https://jofel.ru/catalog/dispensery/dispenser_jofel_azur_smart_d_listovoy_tual_bumagi_z_slozh/,https://jofel.ru/upload/iblock/fae/fae61b7513d39bb93a0ccce505ff7a86.png
Диспенсеры,Диспенсер Jofel Black для листовых  полотенец,AH37600,Jofel,20.2,2222.0,https://jofel.ru/catalog/dispensery/dispenser_jofel_black_d_listovykh_polotenets_600_sht_z_slozheniya_abs_plastik_tsvet_chernyy/,https://jofel.ru/upload/iblock/a6d/a6dbca860b8f3295ff50214a7ac57eb8.jpg
Диспенсеры,Диспенсер Jofel Black для рулонной  туалетной бумаги,AE57600,Jofel,20.2,2222.0,https://jofel.ru/catalog/dispensery/dispenser_jofel_black_d_rulonnoy_tualet_bumagi_1_rulon_300_m_vtulka_45_mm_abs_plastik_tsvet_chernyy/,https://jofel.ru/upload/iblock/8b3/8b38789aae86a26324d9869b7f1184dd.jpg
Диспенсеры,Диспенсер Jofel Azur для листовой туалетной бумаги Z-сложения.,AH70000,Jofel,24.4,2684.0,https://jofel.ru/catalog/dispensery/dispenser_jofel_azur_d_listovoy_tual_bumagi_z_slozh_abs_plastik_tsvet_belyy/,https://jofel.ru/upload/iblock/802/8025d497b3a1909ce4f28bbf63484674.jpg
Диспенсеры,Диспенсер Jofel Azur для рулонной  туалетной бумаги,AE51000,Jofel,27.0,2970.0,https://jofel.ru/catalog/dispensery/dispenser_jofel_azur_d_rulonnoy_tualet_bumagi_1_rulon_300_m_vtulka_45_mm_abs_plastik_tsvet_belyy/,https://jofel.ru/upload/iblock/4e0/4e0192b8e3914d397f89de2094c729ba.jpg
Диспенсеры,Диспенсер-контейнер  Jofel для 250 шт салфеток Z/W-сложения,AH52000,Jofel,27.3,3003.0,https://jofel.ru/catalog/dispensery/dispenser_konteyner_jofel_dlya_250_sht_salfetok_z_w_slozheniya_abs_plastik_belyy_tsvet/,https://jofel.ru/upload/iblock/b6d/b6d77e99b81392133cfd3a10fcb00bf2.jpg
Диспенсеры,Диспенсер Jofel Azur для листовых  полотенец,AH33000,Jofel,27.4,3014.0,https://jofel.ru/catalog/dispensery/dispenser_jofel_azur_d_listovykh_polotenets_600_sht_z_slozheniya_abs_plastik_tsvet_belyy/,https://jofel.ru/upload/iblock/d44/d44c4887ac4e8f0449c09f0753986dc1.jpg
Диспенсеры,Диспенсер Jofel Azur-Smart для рулонной  туалетной бумаги,AE77000,Jofel,28.1,3091.0,https://jofel.ru/catalog/dispensery/dispenser_jofel_azur_smart_d_rulonnoy_tualet_bumagi_1_rulon_400_m_vtulka_45_55_mm_abs_plastik_belyy_/,https://jofel.ru/upload/iblock/4a1/4a1fb566d6211abcfb9bab5c027f6bd2.jpg
Диспенсеры,Диспенсер Jofel Azur для рулонной  туалетной бумаги,AE52400,Jofel,28.7,3157.0,https://jofel.ru/catalog/dispensery/dispenser_jofel_azur_d_rulonnoy_tualet_bumagi_1_rulon_300_m_vtulka_45_mm_dymchytyy_san_plastik_belyy/,https://jofel.ru/upload/iblock/33a/33a7bd54e21fe151a12bd68f0658cd1d.jpg
Диспенсеры,Диспенсер Jofel Azur для листовых  полотенец,AH34400,Jofel,29.4,3234.0,https://jofel.ru/catalog/dispensery/dispenser_jofel_azur_d_listovykh_polotenets_600_sht_z_slozheniya_prozrach_chernyy_san_plastik_seryy_/,https://jofel.ru/upload/iblock/8b2/8b283f26920c0c1525d7ae68a6c1f3ff.jpg
Диспенсеры,Диспенсер Jofel Antibact для рулонной  туалетной бумаги,AE51700,Jofel,29.7,3267.0,https://jofel.ru/catalog/dispensery/dispenser_jofel_antibact_d_rulonnoy_tualet_bumagi_1_rulon_300_m_antibakt_pokrytie_vtulka_45_mm_abs_p/,https://jofel.ru/upload/iblock/0e5/0e510bdf732bb910db930a41351ed2e7.jpg
Диспенсеры,Диспенсер Jofel Black для рулонной  туалетной бумаги,AE77600,Jofel,30.1,3311.0,https://jofel.ru/catalog/dispensery/dispenser_jofel_black_d_rulonnoy_tualet_bumagi_1_rulon_400_m_vtulka_45_55_mm_abs_plastik_chernyy_tsv/,https://jofel.ru/upload/iblock/87f/87f12125afc66bc7692a62feefd3fb1b.jpg
Диспенсеры,Диспенсер Jofel Antibact для бумажных   салфеток,AH33700,Jofel,30.2,3322.0,https://jofel.ru/catalog/dispensery/dispenser_jofel_antibact_d_bum_salfetok_600_salf_z_slozheniya_anibakt_pokrytie_abs_plastik_belyy_tsv/,https://jofel.ru/upload/iblock/53b/53b1f14eb890e27fc6bebda84c46da0b.jpg
Диспенсеры,Диспенсер Jofel AZUR для рулонных  бумажных  полотенец,AG32000,Jofel,32.7,3597.0,https://jofel.ru/catalog/dispensery/dispenser_jofel_azur_d_rulonnykh_bum_polotenets_1_rulon_tsentr_podachi_130_mm_abs_plastik_tsvet_bely/,https://jofel.ru/upload/iblock/b15/b15ac791aed7cf70b1439dacf6b84950.jpg
Диспенсеры,Диспенсер Jofel Azur универсальный  для листовых  полотенец Z-сложения. (400 шт) или рулонных  полотенец (1 рул),AH45000,Jofel,33.1,3641.0,https://jofel.ru/catalog/dispensery/dispenser_jofel_azur_univers_d_listovykh_polotenets_z_slozh_400_sht_ili_rulonnykh_polotenets_1_rul_a/,https://jofel.ru/upload/iblock/31a/31af8d11e93cac7a243086bf36a2bd7b.jpg
Диспенсеры,Диспенсер Jofel Azur для рулонной  туалетной бумаги,AF50000,Jofel,33.6,3696.0,https://jofel.ru/catalog/dispensery/dispenser_jofel_azur_d_rulonnoy_tualet_bumagi_2_standart_rulona_abs_plastik_tsvet_belyy/,https://jofel.ru/upload/iblock/0a5/0a5ad1654a3cfea724b331ee6fe0c5ab.jpg
Диспенсеры,Диспенсер Jofel для бумажных  покрытий на сиденье унитаза,AM21000,Jofel,34.4,3784.0,https://jofel.ru/catalog/dispensery/dispenser_jofel_d_bum_pokrytiy_na_sidene_unitaza_smennyy_blok_am20040_v_komplekt_postavki_ne_vkhodit/,https://jofel.ru/upload/iblock/e6f/e6f2713c28b5fa4a40f6bf9e63cbd08e.jpg
Диспенсеры,Диспенсер Jofel Azur для косметических  салфеток,AH65000,Jofel,34.7,3817.0,https://jofel.ru/catalog/dispensery/dispenser_jofel_azur_d_kosmetich_salfetok_khromirov_abs_plastik/,https://jofel.ru/upload/iblock/4c5/4c5a59c7a7c0f35e888f8525b929e46b.jpg
Диспенсеры,Диспенсер Jofel Azur универсальный для листовых  полотенец Z-сложения (400 шт) или рулонных полотенец (1 рул),AH46000,Jofel,39.7,4367.0,https://jofel.ru/catalog/dispensery/dispenser_jofel_azur_univers_d_listovykh_polotenets_z_slozh_400_sht_ili_rulonnykh_polotenets_1_rul_p/,https://jofel.ru/upload/iblock/d41/d41adcb4bad625a5a6e46450f8f1be34.jpg
Диспенсеры,Диспенсер Jofel Futura для косметических  салфеток,AH66500,Jofel,41.8,4598.0,https://jofel.ru/catalog/dispensery/dispenser_jofel_futura_d_kosmetich_salfetok_nerzh_stal_aisi_304_polirov_pov_t/,https://jofel.ru/upload/iblock/f5c/f5c8971169d1e2851b490fdcecb062dc.jpg
Диспенсеры,Диспенсер Jofel Futura для косметических  салфеток,AH66000,Jofel,41.8,4598.0,https://jofel.ru/catalog/dispensery/dispenser_jofel_futura_d_kosmetich_salfetok_nerzh_stal_aisi_304_matovaya_pov_t/,https://jofel.ru/upload/iblock/550/550639afdbf488a4ac64d9f6bf19df44.jpg
Диспенсеры,Диспенсер Jofel AZUR для рулонных  бумажных  полотенец,AG40000,Jofel,43.4,4774.0,https://jofel.ru/catalog/dispensery/dispenser_jofel_azur_d_rulonnykh_bum_polotenets_1_rulon_tsentr_podachi_205_mm_abs_plastik_tsvet_bely/,https://jofel.ru/upload/iblock/ed4/ed493a1a365997889e8d0cde5b02295d.jpg
Диспенсеры,Диспенсер Jofel Antibact для рулонных  бумажных  полотенец,AG40700,Jofel,47.7,5247.0,https://jofel.ru/catalog/dispensery/dispenser_jofel_antibact_d_rulonnykh_bum_polotenets_antibakt_pokrytie_1_rulon_tsentr_podachi_205_mm_/,https://jofel.ru/upload/iblock/8e1/8e1500ca39d4e933b14e263546a5e249.jpg
Диспенсеры,Диспенсер Jofel для бумажных покрытий на сиденье унитаза,AM21500,Jofel,53.1,5841.0,https://jofel.ru/catalog/dispensery/dispenser_jofel_d_bum_pokrytiy_na_sidene_unitaza_smennyy_blok_am20040_v_komplekt_postavki_ne_vkhodit-465694010/,https://jofel.ru/upload/iblock/7aa/7aa47117978f59530dfe733fa0cacd9d.jpg
Диспенсеры,Диспенсер Jofel Сlasica для рулонной  туалетной бумаги,AE12400,Jofel,54.0,5940.0,https://jofel.ru/catalog/dispensery/dispenser_jofel_slasica_d_rulonnoy_tualet_bumagi_1_rulon_200_m_vtulka_55_mm_metall_tsvet_belyy/,https://jofel.ru/upload/iblock/85b/85b880d4dec02ec727bca2ffe98ac194.jpg
Диспенсеры,Диспенсер Jofel Сlasica для рулонной  туалетной бумаги,AF22000,Jofel,56.2,6182.0,https://jofel.ru/catalog/dispensery/dispenser_jofel_slasica_d_rulonnoy_tualet_bumagi_2_standart_rulona_metall_tsvet_belyy/,https://jofel.ru/upload/iblock/1d5/1d5936df7712ca508ee7cac530b405b8.jpg
Диспенсеры,Диспенсер Jofel Сlasica для рулонной  туалетной бумаги,AF12000,Jofel,58.0,6380.0,https://jofel.ru/catalog/dispensery/dispenser_jofel_slasica_d_rulonnoy_tualet_bumagi_2_standart_rulona_nerzh_stal_aisi_304_matovaya_pov_/,https://jofel.ru/upload/iblock/5c0/5c0f27a43d60d166d9b7d0229a62e2d4.jpg
Диспенсеры,Диспенсер Jofel Сlasica для рулонной  туалетной бумаги,AE23200,Jofel,58.6,6446.0,https://jofel.ru/catalog/dispensery/dispenser_jofel_slasica_dlya_rulonnoy_tualetnoy_bumagi/,https://jofel.ru/upload/iblock/9de/9de17114cb0f78aa181006879aab25ca.jpg
Диспенсеры,Диспенсер Jofel Сlasica для листовых  полотенец,AH20000,Jofel,61.9,6809.0,https://jofel.ru/catalog/dispensery/dispenser_jofel_slasica_d_listovykh_polotenets_600_sht_z_slozheniya_metall_tsvet_belyy/,https://jofel.ru/upload/iblock/95d/95db63736740dd1f1674ae6cd9349f46.jpg
Диспенсеры,Диспенсер Jofel Smart д/бум. салфеток,AH12200,Jofel,65.6,7216.0,https://jofel.ru/catalog/dispensery/dispenser_jofel_smart_d_bum_salfetok/,https://jofel.ru/upload/iblock/d85/d85cec8d3ba6d1978bb796da09f61fb2.jpg
Диспенсеры,Диспенсер Jofel Smart д/бум. салфеток,AH14200,Jofel,67.6,7436.0,https://jofel.ru/catalog/dispensery/dispenser_jofel_smart_d_bum_salfetok-636760821/,https://jofel.ru/upload/iblock/a93/a93d78007d9388d5752cdacd52ecf08c.jpg
Диспенсеры,Диспенсер Jofel Futura для рулонной  туалетной бумаги,AE25500,Jofel,82.7,9097.0,https://jofel.ru/catalog/dispensery/dispenser_jofel_futura_d_rulonnoy_tualet_bumagi_1_rulon_300_m_vtulka_45_mm_nerzh_stal_aisi_304_polir/,https://jofel.ru/upload/iblock/f9e/f9ee967b881aeb3d400a7d7df1e7fd8d.jpg
Диспенсеры,Диспенсер Jofel Futura для рулонной  туалетной бумаги,AE25000,Jofel,82.7,9097.0,https://jofel.ru/catalog/dispensery/dispenser_jofel_futura_d_rulonnoy_tualet_bumagi_1_rulon_300_m_vtulka_45_mm_nerzh_stal_aisi_304_matov/,https://jofel.ru/upload/iblock/6a0/6a06323b0d16b35a57106db6be20fc20.jpg
Диспенсеры,Диспенсер Jofel Clasica для рулонных  бумажных  полотенец,AD30000,Jofel,97.5,10725.0,https://jofel.ru/catalog/dispensery/dispenser_jofel_clasica_d_rulonnykh_bum_polotnets_napolnyy_1_prom_rulon_metall_tsvet_chernyy/,https://jofel.ru/upload/iblock/728/72886ed745757098ae33e933d4a7b993.png
Диспенсеры,Диспенсер Jofel Futura,AF55500,Jofel,101.3,11143.0,https://jofel.ru/catalog/dispensery/dispenser_jofel_futura_d_rulonnoy_tualet_bumagi_2_kh_ctadart_rulona_nerzh_stal_aisi_304_polirov_pov_/,https://jofel.ru/upload/iblock/d31/d3135d0a8d3b5108293b2cf497522000.jpg
Диспенсеры,Диспенсер Jofel Futura,AF55000,Jofel,101.3,11143.0,https://jofel.ru/catalog/dispensery/dispenser_jofel_futura_d_rulonnoy_tualet_bumagi_2_kh_ctadart_rulona_nerzh_stal_aisi_304_matovaya_pov/,https://jofel.ru/upload/iblock/f76/f76ddf572f798c9d5a0c3808d3911abb.jpg
Диспенсеры,Диспенсер Jofel Futura  для листовой туалетной бумаги  Z-сложения,AH75500,Jofel,113.9,12529.0,https://jofel.ru/catalog/dispensery/dispenser_jofel_futura_d_listovoy_tual_bumagi_z_slozh_nerzh_stal_aisi_304_polirov_pov_t/,https://jofel.ru/upload/iblock/17b/17b7974d0845757c8198da1435f2b074.jpg
Диспенсеры,Диспенсер Jofel Futura для листовой туалетной бумаги  Z-сложения.,AH75000,Jofel,113.9,12529.0,https://jofel.ru/catalog/dispensery/dispenser_jofel_futura_d_listovoy_tual_bumagi_z_slozh_nerzh_stal_aisi_304_matovaya_pov_t/,https://jofel.ru/upload/iblock/508/508b5b8660475fa2ce2c0ecb6a52455f.jpg
Диспенсеры,Диспенсер Jofel Futura для листовых  полотенец,AH25500,Jofel,114.6,12606.0,https://jofel.ru/catalog/dispensery/dispenser_jofel_futura_d_listovykh_polotenets_600_sht_z_slozheniya_nerzh_stal_aisi_304_polirov_pov_t/,https://jofel.ru/upload/iblock/028/028e371f3829eafc2efcce6c93355e62.jpg
Диспенсеры,Диспенсер Jofel Futura для листовых  полотенец,AH25000,Jofel,114.6,12606.0,https://jofel.ru/catalog/dispensery/dispenser_jofel_futura_d_listovykh_polotenets_600_sht_z_slozheniya_nerzh_stal_aisi_304_matovaya_pov_/,https://jofel.ru/upload/iblock/bdb/bdb03a37b0d78354ad009e2881684650.jpg
Диспенсеры,Диспенсер Jofel Azur для рулонных  бумажных  полотенец,AG56000,Jofel,116.5,12815.0,https://jofel.ru/catalog/dispensery/dispenser_jofel_azur_d_rulonnykh_bum_polotenets_avtootryv_1_rulon_naruzhnoy_podachi_210_mm_vtulka_36/,https://jofel.ru/upload/iblock/333/3335cda2d26ceea061331d152b812bef.jpg
Диспенсеры,Диспенсер Jofel Azur для рулонных  бумажных  полотенец,AG16500,Jofel,144.0,15840.0,https://jofel.ru/catalog/dispensery/dispenser_jofel_azur_d_rulonnykh_bum_polotenets_rychazhnyy_privod_1_rulon_vtulka_45_mm_abs_plastik_ts/,https://jofel.ru/upload/iblock/c40/c40bd79a5e5ad4f80e2c1e884caa6dee.jpg
Урны-ведра,Моп Rex для влажной уборки,TIFC2202L,REX,2.8,308.0,https://jofel.ru/catalog/urny-vedra/mop_rex_d_vlazhnoy_uborki_220_gr_khlopok/,https://jofel.ru/bitrix/templates/innet_focus_s1/components/bitrix/catalog.element/innet/images/no_photo.png
Урны-ведра,Ведро Jofel 3 л,AL72003C,Jofel,27.9,3069.0,https://jofel.ru/catalog/urny-vedra/vedro_jofel_3_l_tsilindrich_pedal_kryshka_vnutr_pl_vedro_khromir_metall_polirov_pov_t/,https://jofel.ru/upload/iblock/4c4/4c4fa657231343e8bbc8d3edc1c68a22.jpg
Урны-ведра,Ведро Jofel 5 л,AL72005C,Jofel,35.0,3850.0,https://jofel.ru/catalog/urny-vedra/vedro_jofel_5_l_tsilindrich_pedal_kryshka_vnutr_pl_vedro_khromir_metall_polirov_pov_t/,https://jofel.ru/upload/iblock/032/03273c67db5df557441dbf7ffb389a6e.jpg
Урны-ведра,Скоба крепежная для настенного монтажа урны AL70750BG,RL2010,Jofel,39.53,4348.3,https://jofel.ru/catalog/urny-vedra/skoba_krepezhnaya_dlya_nastennogo_montazha_urny_al70750bg_al36000/,https://jofel.ru/upload/iblock/23e/23e3fe31e21775da991b07b27f431186.jpg
Урны-ведра,Корзина Jofel 10 л для бумаг,AL60000,Jofel,46.0,5060.0,https://jofel.ru/catalog/urny-vedra/korzina_jofel_10_l_d_bumag_tsilindrich_okantovka_chern_abs_pl_metall_tsveta_v_assortimente/,https://jofel.ru/upload/iblock/20e/20ed7143247e189eeb1049aed076356c.jpg
Урны-ведра,Пепельница Jofel прямоугольная  настенная поворотная,AL93100,Jofel,46.8,5148.0,https://jofel.ru/catalog/urny-vedra/pepelnitsa_jofel_pryamoug_nastennaya_povorotnaya_metall_emal_tsveta_v_assortimente/,https://jofel.ru/upload/iblock/c66/c66574e6ce97fd8563847c12ff86e1b4.jpg
Урны-ведра,Ведро Jofel 12 л,AL72012C,Jofel,52.4,5764.0,https://jofel.ru/catalog/urny-vedra/vedro_jofel_12_l_tsilindrich_pedal_kryshka_vnutr_pl_vedro_khromir_metall_polirov_pov_t/,https://jofel.ru/upload/iblock/b84/b84e015f2bd24b3fadc788d4aa53ac84.jpg
Урны-ведра,Корзина Jofel 10 л для бумаг,AL60001,Jofel,54.3,5973.0,https://jofel.ru/catalog/urny-vedra/korzina_jofel_10_l_d_bumag_tsilindrich_okantovka_chern_abs_pl_nerzh_ctal_18_8_polirov_pov_t/,https://jofel.ru/upload/iblock/ba0/ba0c78bf490d1dbb5b64531c853d18c3.jpg
Урны-ведра,Урна Jofel 50 л,AL36000,Jofel,64.2,7062.0,https://jofel.ru/catalog/urny-vedra/urna_jofel_50_l_kryshka_belyy_seryy_rr_plastik/,https://jofel.ru/upload/iblock/626/62642785044ba70935f60f4157c985e7.jpg
Урны-ведра,Мешки (расходный материал) для диспенсеров АМ30000 /    32000 /    32800,AM30225,Jofel,71.0,7810.0,https://jofel.ru/catalog/urny-vedra/meshki_raskh_material_dlya_dispenserov_am30000_32000_32800_pe_25_meshkov_blok_48_blokov_v_upak_tsena/,https://jofel.ru/upload/iblock/554/55496ce2a5ae59f7d2eb5789b124c102.jpg
Урны-ведра,Урна-пепельница Jofel 25 л цилиндрическая ,AL70200,Jofel,93.4,10274.0,https://jofel.ru/catalog/urny-vedra/urna_pepelnitsa_jofel_25_l_tsilindrich_okantovka_chern_abs_pl_metall_emal_tsveta_v_assortimente/,https://jofel.ru/upload/iblock/ba8/ba8dc7b8b0b1c23db3add9c917e48a14.jpg
Урны-ведра,Цилиндр Jofel для зонтов,AL95101,Jofel,97.1,10681.0,https://jofel.ru/catalog/urny-vedra/tsilindr_jofel_d_zontov_poddon_dlya_vody_nerzh_ctal_aisi_304_matovaya_pov_t/,https://jofel.ru/upload/iblock/78e/78ef37979eb8618b33844f527336ccfd.jpg
Урны-ведра,Урна-пепельница Jofel 20 л прямоугольная,AL70300,Jofel,117.2,12892.0,https://jofel.ru/catalog/urny-vedra/urna_pepelnitsa_jofel_20_l_pryamoug_okantovka_chern_abs_pl_metall_emal_tsveta_v_assortimente/,https://jofel.ru/upload/iblock/1af/1afea9722305e502d6cbcf9005426bd4.jpg
Урны-ведра,Ведро цилиндрическое   25 л с крышкой-качель PUSH,AL72025SV,Jofel,130.6,14366.0,https://jofel.ru/catalog/urny-vedra/vedro_tsilindrich_25_l_s_kryshkoy_kachel_push_nerzh_stal_aisi304_polirov_pov_t/,https://jofel.ru/upload/iblock/43b/43bcda0b64c0fae4e8015c796451050e.jpg
Урны-ведра,Урна 20 л настенная,AL71621,Jofel,139.8,15378.0,https://jofel.ru/catalog/urny-vedra/urna_20_l_nastennaya_otkrytyy_verkh_nerzh_stal_aisi_304/,https://jofel.ru/upload/iblock/a0d/a0d728d25e9ab2b9ae9385cafb66ee45.jpg
Урны-ведра,Урна 25 л настенная,AL716251,Jofel,163.4,17974.0,https://jofel.ru/catalog/urny-vedra/urna_25_l_nastennaya_otkrytyy_verkh_nerzh_stal_aisi_304/,https://jofel.ru/upload/iblock/ccc/cccd389f723e3f1414c4c6ee1f5e7627.jpg
Урны-ведра,Урна-пепельница Jofel 25 л цилиндрическая ,AL70201,Jofel,177.8,19558.0,https://jofel.ru/catalog/urny-vedra/urna_pepelnitsa_jofel_25_l_tsilindrich_okantovka_chern_abs_pl_nerzh_ctal_aisi_304_polirov_pov_t/,https://jofel.ru/upload/iblock/b8f/b8fd1cf84332ed1e3c6fcb689f9e6733.jpg
Урны-ведра,Урна Jofel 30 л для улицы,AL71900,Jofel,192.0,21120.0,https://jofel.ru/catalog/urny-vedra/urna_jofel_30_l_d_ulitsy_pryamoug_statsionar_nastennaya_povorotnaya_zamok_okantovka_chern_abs_pl_met/,https://jofel.ru/upload/iblock/701/70112cc5afdfdb704f92b992df8a8028.jpg
Урны-ведра,Ведро прямоугольная    40 л д / раздельного сбора отходов,AL707050G,Jofel,193.8,21318.0,https://jofel.ru/catalog/urny-vedra/vedro_pryamoug_40_l_d_razdelnogo_sbora_otkhodov_vnutr_vedro_galvanizir_stal_rr_plastik_seryy_tsvet/,https://jofel.ru/upload/iblock/b47/b474e468ca6ad93526da984f62258605.jpg
Урны-ведра,Ведро прямоугольное    40 л д / раздельного сбора отходов,AL707050Z,Jofel,193.8,21318.0,https://jofel.ru/catalog/urny-vedra/vedro_pryamoug_40_l_d_razdelnogo_sbora_otkhodov_vnutr_vedro_galvanizir_stal_rr_plastik_siniy_tsvet/,https://jofel.ru/upload/iblock/9fe/9fe5eb24ded1a5ca3dc9db7e099d5af8.jpg
Урны-ведра,Ведро прямоугольое,AL707050V,Jofel,193.8,21318.0,https://jofel.ru/catalog/urny-vedra/vedro_pryamoug_40_l_d_razdelnogo_sbora_otkhodov_vnutr_vedro_galvanizir_stal_rr_plastik_zelenyy_tsvet/,https://jofel.ru/upload/iblock/002/002b1a2c6405cb09012fc90b0854e2e0.jpg
Урны-ведра,Ведро прямоугольное    40 л для раздельного сбора отходов,AL707050A,Jofel,193.8,21318.0,https://jofel.ru/catalog/urny-vedra/vedro_pryamoug_40_l_d_razdelnogo_sbora_otkhodov_vnutr_vedro_galvanizir_stal_rr_plastik_zheltyy_tsvet/,https://jofel.ru/upload/iblock/8e9/8e9dae283a122ffc71b9b2b709fc5a57.jpg
Урны-ведра,Урна Jofel 40 л,AL70500,Jofel,196.8,21648.0,https://jofel.ru/catalog/urny-vedra/urna_jofel_40_l_pryamoug_kryshka_kachel_okantovka_chern_abs_pl_metall_emal_tsveta_v_assortimente/,https://jofel.ru/upload/iblock/2eb/2eb74f44e1599b591c2affbd098c9c36.jpg
Урны-ведра,Урна-пепельница Jofel 20 л прямоугольная,AL70301,Jofel,198.0,21780.0,https://jofel.ru/catalog/urny-vedra/urna_pepelnitsa_jofel_20_l_pryamoug_okantovka_chern_abs_pl_nerzh_ctal_18_8_polirov_pov_t/,https://jofel.ru/upload/iblock/b62/b620dae603b18ac60942a9396723a0cf.jpg
Урны-ведра,Урна Jofel 30 л д / улицы,AL71910,Jofel,203.0,22330.0,https://jofel.ru/catalog/urny-vedra/urna_jofel_30_l_d_ulitsy_pryamoug_statsionar_kreplenie_pol_stena_povorotnaya_zamok_okantovka_chern_a/,https://jofel.ru/upload/iblock/b04/b04f2a4786c7c3878412c1d7fd83236b.jpg
Урны-ведра,Ведро цилиндрическое   35 л с крышкой-качель PUSH,AL72035SV,Jofel,210.9,23199.0,https://jofel.ru/catalog/urny-vedra/vedro_tsilindrich_35_l_s_kryshkoy_kachel_push_nerzh_stal_aisi304_polirov_pov_t/,https://jofel.ru/upload/iblock/73a/73a4ea1f0938fe544fecfd1b4d5c0c99.jpg
Урны-ведра,Урна Jofel 40 л для улицы,AL72710,Jofel,256.7,28237.0,https://jofel.ru/catalog/urny-vedra/urna_jofel_40_l_d_ulitsy_pryamoug_statsionar_kreplenie_pol_stena_povorotnaya_zamok_okantovka_chern_a/,https://jofel.ru/upload/iblock/5ac/5ac15a77c498ad41b057d34390e8da21.jpg
Урны-ведра,Ведро цилиндрическое   50 л с крышкой-качель PUSH,AL72050SV,Jofel,271.2,29832.0,https://jofel.ru/catalog/urny-vedra/vedro_tsilindrich_50_l_s_kryshkoy_kachel_push_nerzh_stal_aisi304_polirov_pov_t/,https://jofel.ru/upload/iblock/1f9/1f9a07064277489b938e4ce7350db713.jpg
Урны-ведра,Урна-пепельница Jofel 40 л для улицы,AL72700,Jofel,272.3,29953.0,https://jofel.ru/catalog/urny-vedra/urna_pepelnitsa_jofel_40_l_d_ulitsy_pryamoug_statsionar_nastennaya_povorotnaya_zamok_okantovka_chern/,https://jofel.ru/upload/iblock/6df/6dfcbcab1129c82ed798dcd84ca76ee3.jpg
Урны-ведра,Урна Jofel 60 л для улицы,AL71200,Jofel,299.9,32989.0,https://jofel.ru/catalog/urny-vedra/urna_jofel_60_l_d_ulitsy_tsilindrich_statsionar_povorotnaya_zamok_perforir_metall_emal_tsveta_v_asor/,https://jofel.ru/upload/iblock/ddc/ddce7c6da8777c0fd2f62aafa194795b.jpg
Электроловушки,Электроловушка Jofel для летающих насекомых,AJ22010,Jofel,166.6,18326.0,https://jofel.ru/catalog/elektrolovushky/elektrolovushka_jofel_d_letayushchikh_nasekomykh_do_150_m2_u_f_lampa_1kh11_vt_nakoplenie_v_poddone_n/,https://jofel.ru/upload/iblock/066/06662c5afa13180ed1fe29e77e1e5e3b.jpg
Электроловушки,Электроловушка Jofel для летающих насекомых,AJ21510,Jofel,267.6,29436.0,https://jofel.ru/catalog/elektrolovushky/elektrolovushka_jofel_d_letayushchikh_nasekomykh_do_200_m2_u_f_lampa_2kh8_vt_nakoplenie_v_poddone_ne/,https://jofel.ru/upload/iblock/937/937d9785194e20ead2b0351345d8083a.jpg
Электроловушки,ЭЛЛН всасывающего типа для S ≤ 25 м2,AJ36000,Jofel,278.5,30635.0,https://jofel.ru/catalog/elektrolovushky/elln_vsasyvayushchego_tipa_dlya_s_25_m2_nastolno_potolochnogo_krepleniya_900_1050_ob_min_u_f_lampa_1/,https://jofel.ru/upload/iblock/064/06475a09410585f602f9ae303a76946f.jpg
Электроловушки,Электроловушка Jofel для летающих насекомых,AJ54010,Jofel,311.5,34265.0,https://jofel.ru/catalog/elektrolovushky/elektrolovushka_jofel_d_letayushchikh_nasekomykh_do_400_m2_u_f_lampa_2kh15_vt_nakoplenie_v_poddone_n/,https://jofel.ru/upload/iblock/039/03931687485511de7db760a6416992b1.jpg
Электроловушки,Электроловушка Jofel для летающих насекомых,AJ55010,Jofel,320.9,35299.0,https://jofel.ru/catalog/elektrolovushky/elektrolovushka_jofel_d_letayushchikh_nasekomykh_do_500_m2_u_f_lampa_2kh20_vt_nakoplenie_v_poddone_n/,https://jofel.ru/upload/iblock/aca/acac8f426d85a5112e771da16363810a.jpg
Электроловушки,Электроловушка Jofel для летающих насекомых,AJ57010,Jofel,354.1,38951.0,https://jofel.ru/catalog/elektrolovushky/elektrolovushka_jofel_d_letayushchikh_nasekomykh_do_700_m2_u_f_lampa_3kh20_vt_nakoplenie_v_poddone_n/,https://jofel.ru/upload/iblock/0f7/0f79ef8dd751abcaf48bdf04d25453f9.jpg
Поручни настенные линейные и откидные,Линейный поручень Jofel c матовой поверхностью,AV44320,Jofel,48.5,5335.0,https://jofel.ru/catalog/poruchny/poruchen_jofel_clasica_lineynyy_nastennyy_lev_prav_320_mm_nerzh_stal_aisi_304_matovaya_pov_t/,https://jofel.ru/upload/iblock/fe3/fe3e2a36b88a9de8827dfc0f7cc55a07.jpg
Поручни настенные линейные и откидные,Поручень Jofel Clasica линейный настенный полированный,AV40320,Jofel,48.6,5346.0,https://jofel.ru/catalog/poruchny/poruchen_jofel_clasica_lineynyy_nastennyy_lev_prav_320_mm_nerzh_stal_aisi_304_polirov_pov_t/,https://jofel.ru/upload/iblock/38d/38df96077f491f31e51ef53cd35dd511.jpg
Поручни настенные линейные и откидные,Поручень Jofel линейный матовый 400 мм,AV44400,Jofel,51.0,5610.0,https://jofel.ru/catalog/poruchny/poruchen_jofel_clasica_lineynyy_nastennyy_lev_prav_400_mm_nerzh_stal_aisi_304_matovaya_pov_t/,https://jofel.ru/upload/iblock/7c4/7c4abb531138a2b2a6ff0f96124d1ae6.jpg
Поручни настенные линейные и откидные,Поручень Jofel Clasica линейный настенный левый/правый,AV40400,Jofel,51.0,5610.0,https://jofel.ru/catalog/poruchny/poruchen_jofel_clasica_lineynyy_nastennyy_lev_prav_400_mm_nerzh_stal_aisi_304_polirov_pov_t/,https://jofel.ru/upload/iblock/9bf/9bfa958d5a52f8399c0bdf835c6d8cb4.jpg
Поручни настенные линейные и откидные,Поручень настенный Jofel линейный матовый  500 мм левый/правый,AV44500,Jofel,54.6,6006.0,https://jofel.ru/catalog/poruchny/poruchen_jofel_clasica_lineynyy_nastennyy_lev_prav_500_mm_nerzh_stal_aisi_304_matovaya_pov_t/,https://jofel.ru/upload/iblock/abf/abf044192dbd755a9fc9bbe33cce15e8.jpg
Поручни настенные линейные и откидные,Поручень Jofel Clasica линейный настенный левый/правый,AV40500,Jofel,54.6,6006.0,https://jofel.ru/catalog/poruchny/poruchen_jofel_clasica_lineynyy_nastennyy_lev_prav_500_mm_nerzh_stal_aisi_304_polirov_pov_t/,https://jofel.ru/upload/iblock/734/7348ddee96dddde080abc74d17eea21d.jpg
Поручни настенные линейные и откидные,Поручень Jofel Clasica линейный настенный левый/правый,AV40600,Jofel,59.5,6545.0,https://jofel.ru/catalog/poruchny/poruchen_jofel_clasica_lineynyy_nastennyy_lev_prav_600_mm_nerzh_stal_aisi_304_polirov_pov_t/,https://jofel.ru/upload/iblock/fdf/fdf0ce15666434bbce3f143fce999c31.jpg
Поручни настенные линейные и откидные,Поручень Jofel Clasica линейный настенный левый/правый,AV44800,Jofel,70.4,7744.0,https://jofel.ru/catalog/poruchny/poruchen_jofel_clasica_lineynyy_nastennyy_lev_prav_800_mm_nerzh_stal_aisi_304_matovaya_pov_t/,https://jofel.ru/upload/iblock/a1f/a1f909d67f995f4da34b1586f4d7d485.jpg
Поручни настенные линейные и откидные,Поручень Jofel Clasica линейный настенный левый/правый,AV40800,Jofel,70.4,7744.0,https://jofel.ru/catalog/poruchny/poruchen_jofel_clasica_lineynyy_nastennyy_lev_prav_800_mm_nerzh_stal_aisi_304_polirov_pov_t/,https://jofel.ru/upload/iblock/c85/c85bbb705908aae67d2c6dbd60b3b526.jpg
Поручни настенные линейные и откидные,Поручень Jofel Clasica L-образный настенный левый,AV70400,Jofel,136.0,14960.0,https://jofel.ru/catalog/poruchny/poruchen_jofel_clasica_l_obraznyy_nastennyy_pravyy_400_700_mm_nerzh_stal_aisi_304_matovaya_pov_t/,https://jofel.ru/upload/iblock/76c/76cbbc046d7ceac35f6589c9375f5a2a.jpg
Поручни настенные линейные и откидные,Поручень Jofel Clasica откидной настенный левый/правый,AV10840,Jofel,167.5,18425.0,https://jofel.ru/catalog/poruchny/poruchen_jofel_clasica_otkidnoy_nastennyy_levyy_pravyy_derzhatel_rulona_840_200_mm_nerzh_stal_aisi_3/,https://jofel.ru/upload/iblock/3eb/3eb2958856407be7b8e740f904b1bbaa.jpg
Поручни настенные линейные и откидные,Поручень откидной настенный левый/правый,AV14700,Jofel,172.0,18920.0,https://jofel.ru/catalog/poruchny/poruchen_otkidnoy_nastennyy_levyy_pravyy_840_200_mm_nerzh_stal_aisi_304_matovaya_pov_t/,https://jofel.ru/upload/iblock/f3d/f3de1a44a198519a6816256cf9317132.jpg
Поручни настенные линейные и откидные,Поручень Jofel Clasica откидной настенный левый/правый,AV14840,Jofel,175.0,19250.0,https://jofel.ru/catalog/poruchny/poruchen_jofel_clasica_otkidnoy_nastennyy_levyy_pravyy_derzhatel_rulona_840_200_mm_nerzh_stal_aisi_3-1085483717/,https://jofel.ru/upload/iblock/a08/a08b988d7395bab166053712b7da87c5.jpg
Автоматические освежители воздуха,Аэрозоль Jofel - освежитель  воздуха для дозатора,AKA2016,Jofel,7.4,814.0,https://jofel.ru/catalog/auto_osvegitely_vozduha/aerozol_jofel_osvezhitel_vozdukha_d_dozatora_aromat_aloe_dlya_tualeta_ballon_250_ml/,https://jofel.ru/upload/iblock/b10/b107b110eae4e2622916a73af96823f3.jpg
Автоматические освежители воздуха,Аэрозоль Jofel - освежитель  воздуха для дозатора,AKA2015,Jofel,7.4,814.0,https://jofel.ru/catalog/auto_osvegitely_vozduha/aerozol_jofel_osvezhitel_vozdukha_d_dozatora_aromat_zelenyy_chay_dlya_tualeta_ballon_250_ml/,https://jofel.ru/upload/iblock/88b/88b6e9432a3ed48a3aa328cdccc30659.jpg
Автоматические освежители воздуха,Аэрозоль Jofel - освежитель  воздуха для дозатора,AKA2004,Jofel,7.4,814.0,https://jofel.ru/catalog/auto_osvegitely_vozduha/aerozol_jofel_osvezhitel_vozdukha_d_dozatora_aromat_limon_dlya_tualeta_ballon_250_ml/,https://jofel.ru/upload/iblock/565/5655de1f53a0db5e764caef26e243382.jpg
Автоматические освежители воздуха,Аэрозоль Jofel - освежитель  воздуха для дозатора,AKA2003,Jofel,7.4,814.0,https://jofel.ru/catalog/auto_osvegitely_vozduha/aerozol_jofel_osvezhitel_vozdukha_d_dozatora_aromat_lavanda_dlya_tualeta_ballon_250_ml/,https://jofel.ru/upload/iblock/a85/a85141f8049f2c4732d4e9a6d741e563.jpg
Автоматические освежители воздуха,Аэрозоль Jofel - освежитель  воздуха для дозатора,AKA2002,Jofel,7.4,814.0,https://jofel.ru/catalog/auto_osvegitely_vozduha/aerozol_jofel_osvezhitel_vozdukha_d_dozatora_aromat_antitabak_dlya_ofisa_ballon_250_ml/,https://jofel.ru/upload/iblock/e01/e019b61c8e2b55e918f7fc762921ef1c.jpg
Автоматические освежители воздуха,Аэрозоль Jofel - освежитель  воздуха для дозатора,AKA2001,Jofel,7.4,814.0,https://jofel.ru/catalog/auto_osvegitely_vozduha/aerozol_jofel_osvezhitel_vozdukha_d_dozatora_aromat_rabann_dlya_ofisa_ballon_250_ml/,https://jofel.ru/upload/iblock/ac3/ac33ecd448261a168ff2e90157377662.png
Автоматические освежители воздуха,Картридж 250 мл аэрозольный,AKA2022,Jofel,9.4,1034.0,https://jofel.ru/catalog/auto_osvegitely_vozduha/kartridzh_250_ml_aerozolnyy/,https://jofel.ru/bitrix/templates/innet_focus_s1/components/bitrix/catalog.element/innet/images/no_photo.png
Автоматические освежители воздуха,Аэрозоль Jofel - освежитель  воздуха для дозатора,AKA2020,Jofel,9.4,1034.0,https://jofel.ru/catalog/auto_osvegitely_vozduha/aerozol_jofel_osvezhitel_vozdukha_d_dozatora_aromat_mandarin_dlya_ofisa_ballon_250_ml/,https://jofel.ru/upload/iblock/97d/97d2d050f5721ea0d27de564c7115894.jpg
Автоматические освежители воздуха,Дозатор Jofel Atlantica для аэрозолей-освежителей воздуха,AI90600,Jofel,40.0,4400.0,https://jofel.ru/catalog/auto_osvegitely_vozduha/dozator_jofel_atlantica_d_aerozoley_osvezhiteley_vozdukha/,https://jofel.ru/upload/iblock/277/2777810f60e487712abb0463e7bbde2a.png
Автоматические освежители воздуха,Дозатор Jofel Atlantica для аэрозолей-освежителей воздуха,AI90000,Jofel,40.0,4400.0,https://jofel.ru/catalog/auto_osvegitely_vozduha/dozator_jofel_atlantica_d_aerozoley_osvezhiteley_vozdukha_avtomatich_rabotaet_ot_batareek_belyy_rr_p/,https://jofel.ru/upload/iblock/75e/75eac449d0b9b3a3725c8ef2a6b36866.jpg
Ершики для унитаза,Ершик Jofel для унитаза,AW62000,Jofel,44.1,4851.0,https://jofel.ru/catalog/ershiky_dlya_unitaza/ershik_jofel_d_unitaza_tsilindr_n_417_mm_nerzh_stal_aisi_304_matovaya_pov_t/,https://jofel.ru/upload/iblock/59c/59c3f87c97530218c4d26f04f656ad2f.jpg
Ершики для унитаза,Ершик Jofel для унитаза,AW61000,Jofel,44.5,4895.0,https://jofel.ru/catalog/ershiky_dlya_unitaza/ershik_jofel_d_unitaza_tsilindr_n_417_mm_nerzh_stal_aisi_304_polirov_pov_t/,https://jofel.ru/upload/iblock/cee/ceeba945764be5444203ecdfdffeaafe.jpg
Пеленальные столики,Стол Jofel пеленальный настенный вертикальный,AY11000,Jofel,530.0,58300.0,https://jofel.ru/catalog/pelenalnye_stoliky/stol_jofel_pelenalnyy_nastennyy_vertikalnyy_remen_bezop_877_496_877_mm_poliuretan_tsvet_belyy/,https://jofel.ru/upload/iblock/40d/40d339bedee9b7ff8d14e79ad02c9b61.jpg
Пеленальные столики,Стол Jofel пеленальный настенный горизонтальный,AY10000,Jofel,530.0,58300.0,https://jofel.ru/catalog/pelenalnye_stoliky/stol_jofel_pelenalnyy_nastennyy_gorizontalnyy_remen_bezop_877_496_877_mm_poliuretan_tsvet_belyy/,https://jofel.ru/upload/iblock/66b/66bf11dd6916a73352433b73f3d94ae4.jpg
Прочие аксессуары,Крючок Jofel для полотенец двойной 30*110*40 мм,AW22000,Jofel,46.0,5060.0,https://jofel.ru/catalog/prochie_acsessuary/kryuchok_jofel_d_polotenets_dvoynoy_30_110_40_mm_nerzh_stal_aisi_304_polirov_pov_t/,https://jofel.ru/upload/iblock/190/190b437ae40d652842f741344a5f787a.jpg
Бумажные изделия,Покрытия бумажные на сиденье унитаза Jofel,AM20040,Jofel,6.7,737.0,https://jofel.ru/catalog/bumagnye_izdeliya/pokrytiya_bumazhnye_na_sidene_unitaza_jofel_smennyy_blok_dlya_dispensera_am21000_21500_125_l_blok_ts/,https://jofel.ru/upload/iblock/98d/98dfae322c343f7238a6b906c3a9d519.jpg
